Workbook

Sheet Test Cases
A1: TC ID | B1: Module | C1: Test Type | D1: Test Scenario | E1: Preconditions | F1: Test Steps | G1: Test Data | H1: Expected Result | I1: Actual Result | J1: Status | K1: Priority
A2: TC_001 | B2: Login | C2: Functional | D2: Verify login with valid credentials | E2: User is on SauceDemo login page | F2: 1. Enter valid username 2. Enter valid password 3. Click Login button | G2: Username: standard_user Password: secret_sauce | H2: User should navigate to Products (inventory) page successfully with URL containing '/inventory.html' | I2: Navigated to Products page as expected | J2: Pass | K2: High
A3: TC_002 | B3: Login | C3: Negative | D3: Verify login with invalid username | E3: User is on SauceDemo login page | F3: 1. Enter invalid username 2. Enter valid password 3. Click Login button | G3: Username: invalid_user Password: secret_sauce | H3: Error message 'Epic sadface: Username and password do not match any user in this service' should be displayed | I3: Error message displayed as expected | J3: Pass | K3: High
A4: TC_003 | B4: Login | C4: Negative | D4: Verify login with invalid password | E4: User is on SauceDemo login page | F4: 1. Enter valid username 2. Enter invalid password 3. Click Login button | G4: Username: standard_user Password: wrong_password | H4: Error message 'Epic sadface: Username and password do not match any user in this service' should be displayed | I4: Error message displayed as expected | J4: Pass | K4: High
A5: TC_004 | B5: Login | C5: Negative | D5: Verify login with both invalid credentials | E5: User is on SauceDemo login page | F5: 1. Enter invalid username 2. Enter invalid password 3. Click Login button | G5: Username: invalid_user Password: wrong_password | H5: Error message 'Epic sadface: Username and password do not match any user in this service' should be displayed | I5: Error message displayed as expected | J5: Pass | K5: High
A6: TC_005 | B6: Login | C6: Negative | D6: Verify login with empty username | E6: User is on SauceDemo login page | F6: 1. Leave username field blank 2. Enter valid password 3. Click Login button | G6: Username: (blank) Password: secret_sauce | H6: Validation error 'Epic sadface: Username is required' should be displayed | I6: Validation error displayed as expected | J6: Pass | K6: High
A7: TC_006 | B7: Login | C7: Negative | D7: Verify login with empty password | E7: User is on SauceDemo login page | F7: 1. Enter valid username 2. Leave password field blank 3. Click Login button | G7: Username: standard_user Password: (blank) | H7: Validation error 'Epic sadface: Password is required' should be displayed | I7: Validation error displayed as expected | J7: Pass | K7: High
A8: TC_007 | B8: Login | C8: Negative | D8: Verify login with both username and password blank | E8: User is on SauceDemo login page | F8: 1. Leave username field blank 2. Leave password field blank 3. Click Login button | G8: Username: (blank) Password: (blank) | H8: Validation error 'Epic sadface: Username is required' should be displayed | I8: Validation error displayed as expected | J8: Pass | K8: Medium
A9: TC_008 | B9: Product | C9: Functional | D9: Verify adding a single product to cart | E9: User is logged in and on Products page | F9: 1. Locate 'Sauce Labs Backpack' 2. Click 'Add to cart' button | G9: Product: Sauce Labs Backpack | H9: Button text should change to 'Remove' and Cart badge count should display '1' | I9: Button changed to 'Remove' and badge count updated to 1 | J9: Pass | K9: High
A10: TC_009 | B10: Product | C10: Functional | D10: Verify removing a product from cart on inventory page | E10: 'Sauce Labs Backpack' is already added to cart | F10: 1. Click 'Remove' button on 'Sauce Labs Backpack' | G10: Product: Sauce Labs Backpack | H10: Button text should change back to 'Add to cart' and Cart badge should disappear / update | I10: Product removed from cart and button changed to 'Add to cart' | J10: Pass | K10: Medium
A11: TC_010 | B11: Product | C11: Functional | D11: Verify cart badge count increments correctly with multiple items | E11: User is logged in and cart is empty | F11: 1. Click 'Add to cart' on 'Sauce Labs Backpack' 2. Click 'Add to cart' on 'Sauce Labs Bike Light' | G11: Products: Backpack, Bike Light | H11: Cart badge count should display '2' | I11: Cart badge count displays 2 | J11: Pass | K11: High
A12: TC_011 | B12: Product | C12: UI | D12: Verify product item details on inventory page | E12: User is logged in and on Products page | F12: 1. Inspect product card for 'Sauce Labs Backpack' 2. Verify product image, title, description, and price ($29.99) | G12: Product: Sauce Labs Backpack | H12: Product image, title, complete description, and correct price ($29.99) should be clearly visible | I12: All product details displayed properly | J12: Pass | K12: Medium
... A19: TC_018 | B19: Checkout | C19: Negative | D19: Verify checkout step one with all information fields empty | E19: User is on 'Checkout: Your Information' page | F19: 1. Leave First Name, Last Name, and Postal Code blank 2. Click 'Continue' | G19: All fields blank | H19: Error message 'Error: First Name is required' should be displayed | I19: Error message 'Error: First Name is required' displayed | J19: Pass | K19: High

Sheet Execution Summary
A1: Module | B1: Total Tests | C1: Passed | D1: Failed | E1: Blocked | F1: Pass %
A2: Login | B2: =COUNTIF('Test Cases'!$B$2:$B$19, A2) -> 7 | C2: =COUNTIFS('Test Cases'!$B$2:$B$19, A2, 'Test Cases'!$J$2:$J$19, "Pass") -> 7 | D2: =COUNTIFS('Test Cases'!$B$2:$B$19, A2, 'Test Cases'!$J$2:$J$19, "Fail") -> 0 | E2: =COUNTIFS('Test Cases'!$B$2:$B$19, A2, 'Test Cases'!$J$2:$J$19, "Blocked") -> 0 | F2: =IF(B2>0, C2/B2, 0) -> 1
A3: Product | B3: =COUNTIF('Test Cases'!$B$2:$B$19, A3) -> 6 | C3: =COUNTIFS('Test Cases'!$B$2:$B$19, A3, 'Test Cases'!$J$2:$J$19, "Pass") -> 6 | D3: =COUNTIFS('Test Cases'!$B$2:$B$19, A3, 'Test Cases'!$J$2:$J$19, "Fail") -> 0 | E3: =COUNTIFS('Test Cases'!$B$2:$B$19, A3, 'Test Cases'!$J$2:$J$19, "Blocked") -> 0 | F3: =IF(B3>0, C3/B3, 0) -> 1
A4: Checkout | B4: =COUNTIF('Test Cases'!$B$2:$B$19, A4) -> 5 | C4: =COUNTIFS('Test Cases'!$B$2:$B$19, A4, 'Test Cases'!$J$2:$J$19, "Pass") -> 5 | D4: =COUNTIFS('Test Cases'!$B$2:$B$19, A4, 'Test Cases'!$J$2:$J$19, "Fail") -> 0 | E4: =COUNTIFS('Test Cases'!$B$2:$B$19, A4, 'Test Cases'!$J$2:$J$19, "Blocked") -> 0 | F4: =IF(B4>0, C4/B4, 0) -> 1
A5: Total | B5: =SUM(B2:B4) -> 18 | C5: =SUM(C2:C4) -> 18 | D5: =SUM(D2:D4) -> 0 | E5: =SUM(E2:E4) -> 0 | F5: =IF(B5>0, C5/B5, 0) -> 1
A8: Execution Progress | B8: =IF(B5>0, (C5+D5+E5)/B5, 0) -> 1
A9: Suite Health | B9: =IF(D5+E5=0, "Stable", "Defects Identified") -> Stable
A10: Critical Blockers | B10: =COUNTIFS('Test Cases'!$K$2:$K$19, "Critical", 'Test Cases'!$J$2:$J$19, "<>Pass") -> 0
